Sub-County Code,Sub-County,County Code,County,District Code,District
101101,BUJUMBA,1011,BUJUMBA,101,KALANGALA
101102,KALANGALA TC,1011,BUJUMBA,101,KALANGALA
101103,MUGOYE,1011,BUJUMBA,101,KALANGALA
101201,BUBEKE,1012,KYAMUSWA,101,KALANGALA
101202,BUFUMIRA,1012,KYAMUSWA,101,KALANGALA
101203,KYAMUSWA,1012,KYAMUSWA,101,KALANGALA
101204,MAZINGA,1012,KYAMUSWA,101,KALANGALA
102101,CENTRAL DIVISION,1021,KAMPALA CITY COUNCIL AUTHORITY,102,KAMPALA
102102,KAWEMPE DIVISION,1021,KAMPALA CITY COUNCIL AUTHORITY,102,KAMPALA
102103,LUBAGA DIVISION,1021,KAMPALA CITY COUNCIL AUTHORITY,102,KAMPALA
102104,MAKINDYE DIVISION,1021,KAMPALA CITY COUNCIL AUTHORITY,102,KAMPALA
102105,NAKAWA DIVISION,1021,KAMPALA CITY COUNCIL AUTHORITY,102,KAMPALA
103101,BUKOMERO,1031,KIBOGA,103,KIBOGA
103102,BUKOMERO TC,1031,KIBOGA,103,KIBOGA
103103,DDWANIRO,1031,KIBOGA,103,KIBOGA
103104,KAPEKE,1031,KIBOGA,103,KIBOGA
103105,KIBIGA,1031,KIBOGA,103,KIBOGA
103106,KIBOGA TC,1031,KIBOGA,103,KIBOGA
103107,LWAMATA,1031,KIBOGA,103,KIBOGA
103108,MUWANGA,1031,KIBOGA,103,KIBOGA
104101,BAMUNANIKA,1041,BAMUNANIKA,104,LUWERO
104102,KALAGALA,1041,BAMUNANIKA,104,LUWERO
104103,KAMIRA,1041,BAMUNANIKA,104,LUWERO
104104,KIKYUSA,1041,BAMUNANIKA,104,LUWERO
104105,ZIROBWE,1041,BAMUNANIKA,104,LUWERO
104201,BOMBO TOWN COUNCIL,1042,KATIKAMU,104,LUWERO
104202,BUTUNTUMULA,1042,KATIKAMU,104,LUWERO
104203,KATIKAMU,1042,KATIKAMU,104,LUWERO
104204,LUWEERO TOWN COUNCIL,1042,KATIKAMU,104,LUWERO
104205,LUWERO,1042,KATIKAMU,104,LUWERO
104206,MAKULUBITA,1042,KATIKAMU,104,LUWERO
104207,NYIMBWA,1042,KATIKAMU,104,LUWERO
104208,WOBULENZI TOWN COUNCIL,1042,KATIKAMU,104,LUWERO
105101,BUKAKATA,1051,BUKOTO,105,MASAKA
105102,BUWUNGA,1051,BUKOTO,105,MASAKA
105103,KABONERA,1051,BUKOTO,105,MASAKA
105104,KYANAMUKAAKA,1051,BUKOTO,105,MASAKA
105105,KYESIIGA,1051,BUKOTO,105,MASAKA
105106,MUKUNGWE,1051,BUKOTO,105,MASAKA
105201,KATWE-BUTEGO,1052,MASAKA MUNICIPALITY,105,MASAKA
105202,KIMAANYA-KYABAKUZZA,1052,MASAKA MUNICIPALITY,105,MASAKA
105203,NYENDO-SSENYANGE,1052,MASAKA MUNICIPALITY,105,MASAKA
106101,BUWAMA,1061,MAWOKOTA,106,MPIGI
106102,KAMMENGO,1061,MAWOKOTA,106,MPIGI
106103,KIRINGENTE,1061,MAWOKOTA,106,MPIGI
106104,KITUNTU,1061,MAWOKOTA,106,MPIGI
106105,MPIGI TC,1061,MAWOKOTA,106,MPIGI
106106,MUDUUMA,1061,MAWOKOTA,106,MPIGI
106107,NKOZI,1061,MAWOKOTA,106,MPIGI
107101,BUTOLOOGO,1071,BUWEKULA,107,MUBENDE
107102,KITENGA,1071,BUWEKULA,107,MUBENDE
107103,KIYUNI         ,1071,BUWEKULA,107,MUBENDE
107104,MADUDU,1071,BUWEKULA,107,MUBENDE
107105,MUBENDE TC,1071,BUWEKULA,107,MUBENDE
107201,BAGEZZA,1072,KASAMBYA,107,MUBENDE
107202,KASAMBYA,1072,KASAMBYA,107,MUBENDE
107203,KIBALINGA,1072,KASAMBYA,107,MUBENDE
107204,KIGANDO,1072,KASAMBYA,107,MUBENDE
107205,NABINGOOLA,1072,KASAMBYA,107,MUBENDE
107301,BUKUYA,1073,KASSANDA,107,MUBENDE
107302,KALWANA,1073,KASSANDA,107,MUBENDE
107303,KASSANDA,1073,KASSANDA,107,MUBENDE
107304,KIGANDA,1073,KASSANDA,107,MUBENDE
107305,KITUMBI,1073,KASSANDA,107,MUBENDE
107306,MAKOKOTO,1073,KASSANDA,107,MUBENDE
107307,MANYOGASEKA,1073,KASSANDA,107,MUBENDE
107308,MYANZI,1073,KASSANDA,107,MUBENDE
107309,NALUTUNTU,1073,KASSANDA,107,MUBENDE
108101,KOOME ISLAND,1081,MUKONO,108,MUKONO
108102,KYAMPISI,1081,MUKONO,108,MUKONO
108103,MPATTA,1081,MUKONO,108,MUKONO
108104,MPUNGE,1081,MUKONO,108,MUKONO
108105,NAKISUNGA,1081,MUKONO,108,MUKONO
108106,NAMA,1081,MUKONO,108,MUKONO
108107,NTENJERU,1081,MUKONO,108,MUKONO
108201,CENTRAL,1082,MUKONO MUNICIPALITY,108,MUKONO
108202,GOMA,1082,MUKONO MUNICIPALITY,108,MUKONO
108301,KASAWO,1083,NAKIFUMA,108,MUKONO
108302,KIMENYEDDE,1083,NAKIFUMA,108,MUKONO
108303,NABBAALE,1083,NAKIFUMA,108,MUKONO
108304,NAGOJJE,1083,NAKIFUMA,108,MUKONO
108305,NTUNDA,1083,NAKIFUMA,108,MUKONO
108306,SEETA NAMUGANGA,1083,NAKIFUMA,108,MUKONO
109101,KAKOOGE,1091,BULURI,109,NAKASONGOLA
109102,KAKOOGE TC,1091,BULURI,109,NAKASONGOLA
109103,KALONGO,1091,BULURI,109,NAKASONGOLA
109104,KALUNGI,1091,BULURI,109,NAKASONGOLA
109105,LWABIYATA,1091,BULURI,109,NAKASONGOLA
109106,LWAMPANGA,1091,BULURI,109,NAKASONGOLA
109107,MIGEERA TC,1091,BULURI,109,NAKASONGOLA
109108,NABISWEERA,1091,BULURI,109,NAKASONGOLA
109109,NAKASONGOLA TC,1091,BULURI,109,NAKASONGOLA
109110,NAKITOMA,1091,BULURI,109,NAKASONGOLA
109111,WABINYONYI,1091,BULURI,109,NAKASONGOLA
110101,KAKUUTO,1101,KAKUUTO,110,RAKAI
110102,KASASA,1101,KAKUUTO,110,RAKAI
110103,KIBANDA,1101,KAKUUTO,110,RAKAI
110104,KIFAMBA,1101,KAKUUTO,110,RAKAI
110105,KYEBE,1101,KAKUUTO,110,RAKAI
110201,BYAKABANDA,1102,KOOKI,110,RAKAI
110202,DDWANIRO,1102,KOOKI,110,RAKAI
110203,KACHEERA,1102,KOOKI,110,RAKAI
110204,KAGAMBA,1102,KOOKI,110,RAKAI
110205,KIZIBA,1102,KOOKI,110,RAKAI
110206,KYALULANGIRA,1102,KOOKI,110,RAKAI
110207,LWAMAGWA,1102,KOOKI,110,RAKAI
110208,LWANDA,1102,KOOKI,110,RAKAI
110209,RAKAI TOWN COUNCIL,1102,KOOKI,110,RAKAI
110301,KABIRA,1103,KYOTERA,110,RAKAI
110302,KALISIZO,1103,KYOTERA,110,RAKAI
110303,KALISIZO TOWN COUNCIL,1103,KYOTERA,110,RAKAI
110304,KASAALI,1103,KYOTERA,110,RAKAI
110305,KIRUMBA,1103,KYOTERA,110,RAKAI
110306,KYOTERA TOWN COUNCIL,1103,KYOTERA,110,RAKAI
110307,LWANKONI,1103,KYOTERA,110,RAKAI
110308,NABIGASA,1103,KYOTERA,110,RAKAI
111101,LWEMIYAGA,1111,LWEMIYAGA,111,SSEMBABULE
111102,NTUUSI,1111,LWEMIYAGA,111,SSEMBABULE
111201,LUGUSULU,1112,MAWOGOLA,111,SSEMBABULE
111202,LWEBITAKULI,1112,MAWOGOLA,111,SSEMBABULE
111203,MATEETE,1112,MAWOGOLA,111,SSEMBABULE
111204,MATEETE TC,1112,MAWOGOLA,111,SSEMBABULE
111205,MIJWALA,1112,MAWOGOLA,111,SSEMBABULE
111206,SEMBABULE TC,1112,MAWOGOLA,111,SSEMBABULE
112101,BBAALE,1121,BBAALE,112,KAYUNGA
112102,GALIRAYA,1121,BBAALE,112,KAYUNGA
112103,KAYONZA,1121,BBAALE,112,KAYUNGA
112104,KITIMBWA,1121,BBAALE,112,KAYUNGA
112201,BUSAANA,1122,NTENJERU,112,KAYUNGA
112202,KANGULUMIRA,1122,NTENJERU,112,KAYUNGA
112203,KAYUNGA,1122,NTENJERU,112,KAYUNGA
112204,KAYUNGA TC,1122,NTENJERU,112,KAYUNGA
112205,NAZIGO,1122,NTENJERU,112,KAYUNGA
113101,BUSSI,1131,BUSIRO,113,WAKISO
113102,KAKIRI,1131,BUSIRO,113,WAKISO
113103,KAKIRI TOWN COUNCIL,1131,BUSIRO,113,WAKISO
113104,KASANJE,1131,BUSIRO,113,WAKISO
113105,KATABI,1131,BUSIRO,113,WAKISO
113106,MASULITA,1131,BUSIRO,113,WAKISO
113107,MASULITA TOWN COUNCIL,1131,BUSIRO,113,WAKISO
113108,MENDE,1131,BUSIRO,113,WAKISO
113109,NAMAYUMBA,1131,BUSIRO,113,WAKISO
113110,NAMAYUMBA TOWN COUNCIL,1131,BUSIRO,113,WAKISO
113111,NSANGI,1131,BUSIRO,113,WAKISO
113112,SSISA,1131,BUSIRO,113,WAKISO
113113,WAKISO,1131,BUSIRO,113,WAKISO
113114,WAKISO TOWN COUNCIL,1131,BUSIRO,113,WAKISO
113201,DIVISION A,1132,ENTEBBE MUNICIPALITY,113,WAKISO
113202,DIVISION B,1132,ENTEBBE MUNICIPALITY,113,WAKISO
113301,BUSUKUMA,1133,KYADONDO,113,WAKISO
113302,GOMBE,1133,KYADONDO,113,WAKISO
113303,KIRA TOWN COUNCIL,1133,KYADONDO,113,WAKISO
113304,MAKIDYE-SSABAGABO,1133,KYADONDO,113,WAKISO
113305,NABWERU,1133,KYADONDO,113,WAKISO
113306,NANGABO,1133,KYADONDO,113,WAKISO
113307,NANSANA TOWN COUNCIL,1133,KYADONDO,113,WAKISO
114101,KALIIRO,1141,KABULA,114,LYANTONDE
114102,KASAGAMA,1141,KABULA,114,LYANTONDE
114103,KINUUKA,1141,KABULA,114,LYANTONDE
114104,LYANTONDE,1141,KABULA,114,LYANTONDE
114105,LYANTONDE TC,1141,KABULA,114,LYANTONDE
114106,MPUMUDDE,1141,KABULA,114,LYANTONDE
115101,BANDA,1151,BUSUJJU,115,MITYANA
115102,BUTAYUNJA,1151,BUSUJJU,115,MITYANA
115103,KAKINDU,1151,BUSUJJU,115,MITYANA
115104,MAANYI,1151,BUSUJJU,115,MITYANA
115105,MALANGALA,1151,BUSUJJU,115,MITYANA
115201,BULERA,1152,MITYANA,115,MITYANA
115202,BUSIMBI,1152,MITYANA,115,MITYANA
115203,KALANGALO,1152,MITYANA,115,MITYANA
115204,KIKANDWA,1152,MITYANA,115,MITYANA
115205,MITYANA TOWN COUNCIL,1152,MITYANA,115,MITYANA
115206,NAMUNGO,1152,MITYANA,115,MITYANA
115207,SSEKANYONYI,1152,MITYANA,115,MITYANA
116101,BUTALANGU TC,1161,NAKASEKE,116,NAKASEKE
116102,KAPEEKA,1161,NAKASEKE,116,NAKASEKE
116103,KASANGOMBE,1161,NAKASEKE,116,NAKASEKE
116104,KIKAMULO,1161,NAKASEKE,116,NAKASEKE
116105,KINONI,1161,NAKASEKE,116,NAKASEKE
116106,KINYOGOGA,1161,NAKASEKE,116,NAKASEKE
116107,KITO,1161,NAKASEKE,116,NAKASEKE
116108,KIWOKO TC,1161,NAKASEKE,116,NAKASEKE
116109,NAKASEKE,1161,NAKASEKE,116,NAKASEKE
116110,NAKASEKE TC,1161,NAKASEKE,116,NAKASEKE
116111,NGOMA,1161,NAKASEKE,116,NAKASEKE
116112,NGOMA TC,1161,NAKASEKE,116,NAKASEKE
116113,SEMUTO,1161,NAKASEKE,116,NAKASEKE
116114,SEMUTO TC,1161,NAKASEKE,116,NAKASEKE
116115,WAKYATO,1161,NAKASEKE,116,NAKASEKE
117101,BUIKWE,1171,BUIKWE,117,BUIKWE
117102,BUIKWE TC,1171,BUIKWE,117,BUIKWE
117103,KAWOLO,1171,BUIKWE,117,BUIKWE
117104,LUGAZI TC,1171,BUIKWE,117,BUIKWE
117105,NAJJA,1171,BUIKWE,117,BUIKWE
117106,NAJJEMBE,1171,BUIKWE,117,BUIKWE
117107,NGOGWE,1171,BUIKWE,117,BUIKWE
117108,NJERU TC,1171,BUIKWE,117,BUIKWE
117109,NKOKONJERU TC,1171,BUIKWE,117,BUIKWE
117110,NYENGA,1171,BUIKWE,117,BUIKWE
117111,SSI-BUKUNJA,1171,BUIKWE,117,BUIKWE
117112,WAKISI,1171,BUIKWE,117,BUIKWE
118101,BIGASA,1181,BUKOMANSIMBI,118,BUKOMANSIMBI
118102,BUKOMANSIMBI  TC,1181,BUKOMANSIMBI,118,BUKOMANSIMBI
118103,BUTENGA,1181,BUKOMANSIMBI,118,BUKOMANSIMBI
118104,KIBINGE,1181,BUKOMANSIMBI,118,BUKOMANSIMBI
118105,KITANDA,1181,BUKOMANSIMBI,118,BUKOMANSIMBI
119101,BUDDE,1191,BUTAMBALA,119,BUTAMBALA
119102,BULO,1191,BUTAMBALA,119,BUTAMBALA
119103,GOMBE TOWN COUNCIL,1191,BUTAMBALA,119,BUTAMBALA
119104,KALAMBA,1191,BUTAMBALA,119,BUTAMBALA
119105,KIBIBI,1191,BUTAMBALA,119,BUTAMBALA
119106,NGANDO,1191,BUTAMBALA,119,BUTAMBALA
120101,BUGAYA,1201,BUVUMA ISLAND,120,BUVUMA
120102,BUSAMUZI,1201,BUVUMA ISLAND,120,BUVUMA
120103,BUVUMA TC,1201,BUVUMA ISLAND,120,BUVUMA
120104,BUWOOYA,1201,BUVUMA ISLAND,120,BUVUMA
120105,BWEEMA,1201,BUVUMA ISLAND,120,BUVUMA
120106,LUBYA,1201,BUVUMA ISLAND,120,BUVUMA
120107,LWAJJE,1201,BUVUMA ISLAND,120,BUVUMA
120108,LYABAANA,1201,BUVUMA ISLAND,120,BUVUMA
120109,NAIRAMBI,1201,BUVUMA ISLAND,120,BUVUMA
121101,KABULASOKE,1211,GOMBA,121,GOMBA
121102,KAMONI TC,1211,GOMBA,121,GOMBA
121103,KYEGONZA,1211,GOMBA,121,GOMBA
121104,MADDU,1211,GOMBA,121,GOMBA
121105,MPENJA,1211,GOMBA,121,GOMBA
122101,BUKULULA,1221,KALUNGU,122,KALUNGU
122102,KALUNGU,1221,KALUNGU,122,KALUNGU
122103,KALUNGU TOWN COUNCIL,1221,KALUNGU,122,KALUNGU
122104,KYAMULIBWA,1221,KALUNGU,122,KALUNGU
122105,LUKAYA TOWN COUNCIL,1221,KALUNGU,122,KALUNGU
122106,LWABENGE,1221,KALUNGU,122,KALUNGU
123101,BANANYWA,1231,KIBOGA,123,KYANKWANZI
123102,BUTEMBA,1231,KIBOGA,123,KYANKWANZI
123103,BUTEMBA TC,1231,KIBOGA,123,KYANKWANZI
123104,GAYAZA,1231,KIBOGA,123,KYANKWANZI
123105,KYANKWANZI,1231,KIBOGA,123,KYANKWANZI
123106,MULAGI,1231,KIBOGA,123,KYANKWANZI
123107,NKANDWA,1231,KIBOGA,123,KYANKWANZI
123108,NSAMBYA,1231,KIBOGA,123,KYANKWANZI
123109,NTWETE,1231,KIBOGA,123,KYANKWANZI
123110,NTWETWE TC,1231,KIBOGA,123,KYANKWANZI
123111,WATTUBA,1231,KIBOGA,123,KYANKWANZI
124101,KISEKKA,1241,BUKOTO,124,LWENGO
124102,KKINGO,1241,BUKOTO,124,LWENGO
124103,KYAZANGA,1241,BUKOTO,124,LWENGO
124104,KYAZANGA TC,1241,BUKOTO,124,LWENGO
124105,LWENGO,1241,BUKOTO,124,LWENGO
124106,LWENGO TC,1241,BUKOTO,124,LWENGO
124107,MALONGO,1241,BUKOTO,124,LWENGO
124108,NDAGWE,1241,BUKOTO,124,LWENGO
201101,BUDHAYA,2011,BUKOOLI NORTH,201,BUGIRI
201102,BUGIRI  T C,2011,BUKOOLI NORTH,201,BUGIRI
201103,BULESA,2011,BUKOOLI NORTH,201,BUGIRI
201104,BULIDHA,2011,BUKOOLI NORTH,201,BUGIRI
201105,BULUGUYI,2011,BUKOOLI NORTH,201,BUGIRI
201106,BUWUNGA,2011,BUKOOLI NORTH,201,BUGIRI
201107,IWEMBA,2011,BUKOOLI NORTH,201,BUGIRI
201108,KAPYANGA,2011,BUKOOLI NORTH,201,BUGIRI
201109,MUTERERE,2011,BUKOOLI NORTH,201,BUGIRI
201110,NABUKALU,2011,BUKOOLI NORTH,201,BUGIRI
201111,NANKOMA,2011,BUKOOLI NORTH,201,BUGIRI
202101,EASTERN  ,2021,BUSIA MUNICIPALITY,202,BUSIA
202102,WESTERN DIVISION,2021,BUSIA MUNICIPALITY,202,BUSIA
202201,BUHEHE,2022,SAMIA-BUGWE,202,BUSIA
202202,BULUMBI,2022,SAMIA-BUGWE,202,BUSIA
202203,BUSIME,2022,SAMIA-BUGWE,202,BUSIA
202204,BUSITEMA,2022,SAMIA-BUGWE,202,BUSIA
202205,BUTEBA,2022,SAMIA-BUGWE,202,BUSIA
202206,BUYANGA,2022,SAMIA-BUGWE,202,BUSIA
202207,DABANI,2022,SAMIA-BUGWE,202,BUSIA
202208,LUMINO,2022,SAMIA-BUGWE,202,BUSIA
202209,LUNYO,2022,SAMIA-BUGWE,202,BUSIA
202210,MAJANJI,2022,SAMIA-BUGWE,202,BUSIA
202211,MASABA,2022,SAMIA-BUGWE,202,BUSIA
202212,MASAFU,2022,SAMIA-BUGWE,202,BUSIA
202213,MASINYA,2022,SAMIA-BUGWE,202,BUSIA
202214,SIKUDA,2022,SAMIA-BUGWE,202,BUSIA
203101,BUSEMBATIA TOWN COUNCIL,2031,BUGWERI,203,IGANGA
203102,BUYANGA,2031,BUGWERI,203,IGANGA
203103,IBULANKU,2031,BUGWERI,203,IGANGA
203104,IGOMBE,2031,BUGWERI,203,IGANGA
203105,MAKUUTU,2031,BUGWERI,203,IGANGA
203106,NAMALEMBA,2031,BUGWERI,203,IGANGA
203201,CENTRAL DIVISION,2032,IGANGA MUNICIPALITY,203,IGANGA
203202,NORTHERN DIVISION,2032,IGANGA MUNICIPALITY,203,IGANGA
203301,BULAMOGI,2033,KIGULU,203,IGANGA
203302,NABITENDE,2033,KIGULU,203,IGANGA
203303,NAKALAMA,2033,KIGULU,203,IGANGA
203304,NAKIGO,2033,KIGULU,203,IGANGA
203305,NAMBALE,2033,KIGULU,203,IGANGA
203306,NAMUNGALWE,2033,KIGULU,203,IGANGA
203307,NAWANDALA,2033,KIGULU,203,IGANGA
203308,NAWANYINGI,2033,KIGULU,203,IGANGA
204101,BUGEMBE T.C.,2041,BUTEMBE,204,JINJA
204102,BUSEDDE,2041,BUTEMBE,204,JINJA
204103,KAKIRA T.C,2041,BUTEMBE,204,JINJA
204104,MAFUBIRA,2041,BUTEMBE,204,JINJA
204201,CENTRAL,2042,JINJA MUNICIPALITY,204,JINJA
204202,MPUMUDDE,2042,JINJA MUNICIPALITY,204,JINJA
204203,MASESE WALUKUBA,2042,JINJA MUNICIPALITY,204,JINJA
204301,BUDONDO,2043,KAGOMA,204,JINJA
204302,BUTAGAYA,2043,KAGOMA,204,JINJA
204303,BUWENGE,2043,KAGOMA,204,JINJA
204304,BUWENGE T.C,2043,KAGOMA,204,JINJA
204305,BUYENGO,2043,KAGOMA,204,JINJA
205101,BALAWOLI,2051,BUGABULA,205,KAMULI
205102,BULOPA,2051,BUGABULA,205,KAMULI
205103,BUTANSI,2051,BUGABULA,205,KAMULI
205104,KAMULI T. C,2051,BUGABULA,205,KAMULI
205105,KITAYUNJWA,2051,BUGABULA,205,KAMULI
205106,NABWIGULU,2051,BUGABULA,205,KAMULI
205107,NAMASAGALI,2051,BUGABULA,205,KAMULI
205108,NAMWENDWA,2051,BUGABULA,205,KAMULI
205201,BUGULUMBYA,2052,BUZAAYA,205,KAMULI
205202,KISOZI,2052,BUZAAYA,205,KAMULI
205203,MBULAMUTI,2052,BUZAAYA,205,KAMULI
205204,NAWANYAGO,2052,BUZAAYA,205,KAMULI
205205,WANKOLE,2052,BUZAAYA,205,KAMULI
206101,AMUKOL,2061,TINGEY,206,KAPCHORWA
206102,CHEMA,2061,TINGEY,206,KAPCHORWA
206103,CHEPTERECH,2061,TINGEY,206,KAPCHORWA
206104,GAMOGO,2061,TINGEY,206,KAPCHORWA
206105,KABEYWA,2061,TINGEY,206,KAPCHORWA
206106,KAPCHESOMBE,2061,TINGEY,206,KAPCHORWA
206107,KAPCHORWA TC,2061,TINGEY,206,KAPCHORWA
206108,KAPSINDA,2061,TINGEY,206,KAPCHORWA
206109,KAPTANYA,2061,TINGEY,206,KAPCHORWA
206110,KAPTERET,2061,TINGEY,206,KAPCHORWA
206111,KASEREM,2061,TINGEY,206,KAPCHORWA
206112,KAWOWO,2061,TINGEY,206,KAPCHORWA
206113,MUNARYA,2061,TINGEY,206,KAPCHORWA
206114,SIPI,2061,TINGEY,206,KAPCHORWA
206115,TEGERES,2061,TINGEY,206,KAPCHORWA
207101,KAPUJAN,2071,TOROMA,207,KATAKWI
207102,MAGORO,2071,TOROMA,207,KATAKWI
207103,OMODOI,2071,TOROMA,207,KATAKWI
207104,TOROMA,2071,TOROMA,207,KATAKWI
207201,KATAKWI,2072,USUK,207,KATAKWI
207202,KATAKWI TC,2072,USUK,207,KATAKWI
207203,NGARIAM,2072,USUK,207,KATAKWI
207204,ONGONGOJA,2072,USUK,207,KATAKWI
207205,PALAM,2072,USUK,207,KATAKWI
207206,USUK,2072,USUK,207,KATAKWI
208101,ATUTUR,2081,KUMI,208,KUMI
208102,KANYUM,2081,KUMI,208,KUMI
208103,KUMI,2081,KUMI,208,KUMI
208104,KUMI TC,2081,KUMI,208,KUMI
208105,MUKONGORO,2081,KUMI,208,KUMI
208106,NYERO,2081,KUMI,208,KUMI
208107,ONGINO,2081,KUMI,208,KUMI
209101,BUBYANGU,2091,BUNGOKHO,209,MBALE
209102,BUDWALE,2091,BUNGOKHO,209,MBALE
209103,BUFUMBO,2091,BUNGOKHO,209,MBALE
209104,BUKASAKYA,2091,BUNGOKHO,209,MBALE
209105,BUKIENDE,2091,BUNGOKHO,209,MBALE
209106,BUKONDE,2091,BUNGOKHO,209,MBALE
209107,BUMASIKYE,2091,BUNGOKHO,209,MBALE
209108,BUMBOBI,2091,BUNGOKHO,209,MBALE
209109,BUNGOKHO,2091,BUNGOKHO,209,MBALE
209110,BUNGOKHO MUTOTO,2091,BUNGOKHO,209,MBALE
209111,BUSANO,2091,BUNGOKHO,209,MBALE
209112,BUSIU,2091,BUNGOKHO,209,MBALE
209113,BUSOBA,2091,BUNGOKHO,209,MBALE
209114,LUKHONGE,2091,BUNGOKHO,209,MBALE
209115,LWASSO,2091,BUNGOKHO,209,MBALE
209116,NAKALOKE,2091,BUNGOKHO,209,MBALE
209117,NAKALOKE TC,2091,BUNGOKHO,209,MBALE
209118,NAMANYONYI,2091,BUNGOKHO,209,MBALE
209119,NYONDO,2091,BUNGOKHO,209,MBALE
209120,WANALE,2091,BUNGOKHO,209,MBALE
209201,INDUSTRIAL,2092,MBALE MUNICIPALITY,209,MBALE
209202,NORTHERN,2092,MBALE MUNICIPALITY,209,MBALE
209203,WANALE,2092,MBALE MUNICIPALITY,209,MBALE
211101,TUBUR,2111,SOROTI,211,SOROTI
211102,KAMUDA,2111,SOROTI,211,SOROTI
211103,ASURET,2111,SOROTI,211,SOROTI
211104,KATINE,2111,SOROTI,211,SOROTI
211105,SOROTI,2111,SOROTI,211,SOROTI
211106,ARAPAI,2111,SOROTI,211,SOROTI
211107,GWERI,2111,SOROTI,211,SOROTI
211201,NORTHERN DIVISION,2112,SOROTI  MUNICIPALITY,211,SOROTI
211202,EASTERN DIVISION,2112,SOROTI  MUNICIPALITY,211,SOROTI
211203,WESTERN  DIVISION,2112,SOROTI  MUNICIPALITY,211,SOROTI
212101,KWAPA,2121,TORORO,212,TORORO
212102,MALABA TC,2121,TORORO,212,TORORO
212103,MELLA,2121,TORORO,212,TORORO
212104,MERIKIT,2121,TORORO,212,TORORO
212105,MOLO,2121,TORORO,212,TORORO
212106,MUKUJU,2121,TORORO,212,TORORO
212107,OSUKURU,2121,TORORO,212,TORORO
212201,EASTERN DIVISION,2122,TORORO MUNICIPALITY,212,TORORO
212202,WESTERN DIVISION,2122,TORORO MUNICIPALITY,212,TORORO
212301,IYOLWA,2123,WEST BUDAMA,212,TORORO
212302,KIREWA,2123,WEST BUDAMA,212,TORORO
212303,KISOKO,2123,WEST BUDAMA,212,TORORO
212304,MAGOLA,2123,WEST BUDAMA,212,TORORO
212305,MULANDA,2123,WEST BUDAMA,212,TORORO
212306,NABUYOGA,2123,WEST BUDAMA,212,TORORO
212307,NAGONGERA,2123,WEST BUDAMA,212,TORORO
212308,NAGONGERA TC,2123,WEST BUDAMA,212,TORORO
212309,PAYA,2123,WEST BUDAMA,212,TORORO
212310,PETTA,2123,WEST BUDAMA,212,TORORO
212311,RUBONGI,2123,WEST BUDAMA,212,TORORO
212312,SOP-SOP,2123,WEST BUDAMA,212,TORORO
213101,ALWA,2131,KABERAMAIDO,213,KABERAMAIDO
213102,APERKIRA,2131,KABERAMAIDO,213,KABERAMAIDO
213103,KABERAMAIDO,2131,KABERAMAIDO,213,KABERAMAIDO
213104,KABERAMAIDO TC,2131,KABERAMAIDO,213,KABERAMAIDO
213105,KOBULUBULU,2131,KABERAMAIDO,213,KABERAMAIDO
213106,OCHERO,2131,KABERAMAIDO,213,KABERAMAIDO
213201,ANYARA,2132,KALAKI,213,KABERAMAIDO
213202,APAPAI,2132,KALAKI,213,KABERAMAIDO
213203,BULULU,2132,KALAKI,213,KABERAMAIDO
213204,KAKURE,2132,KALAKI,213,KABERAMAIDO
213205,KALAKI,2132,KALAKI,213,KABERAMAIDO
213206,OTUBOI,2132,KALAKI,213,KABERAMAIDO
214101,BAITAMBOGWE,2141,BUNYA,214,MAYUGE
214102,BUKABOOLI,2141,BUNYA,214,MAYUGE
214103,BUKATUBE,2141,BUNYA,214,MAYUGE
214104,BUSAKIRA,2141,BUNYA,214,MAYUGE
214105,BUWAAYA,2141,BUNYA,214,MAYUGE
214106,IMANYIRO,2141,BUNYA,214,MAYUGE
214107,JAGUZI,2141,BUNYA,214,MAYUGE
214108,KIGANDALO,2141,BUNYA,214,MAYUGE
214109,KITYERERA,2141,BUNYA,214,MAYUGE
214110,MALONGO,2141,BUNYA,214,MAYUGE
214111,MAYUGE TC,2141,BUNYA,214,MAYUGE
214112,MPUNGWE,2141,BUNYA,214,MAYUGE
214113,WAIRASA,2141,BUNYA,214,MAYUGE
215101,BUDADIRI TC,2151,BUDADIRI,215,SIRONKO
215102,BUGITIMWA,2151,BUDADIRI,215,SIRONKO
215103,BUHUGU,2151,BUDADIRI,215,SIRONKO
215104,BUKHULO,2151,BUDADIRI,215,SIRONKO
215105,BUKIISE,2151,BUDADIRI,215,SIRONKO
215106,BUKIYI,2151,BUDADIRI,215,SIRONKO
215107,BUKYABO,2151,BUDADIRI,215,SIRONKO
215108,BUKYAMBI,2151,BUDADIRI,215,SIRONKO
215109,BUMALIMBA,2151,BUDADIRI,215,SIRONKO
215110,BUMASIFWA,2151,BUDADIRI,215,SIRONKO
215111,BUNYAFA,2151,BUDADIRI,215,SIRONKO
215112,BUSULANI,2151,BUDADIRI,215,SIRONKO
215113,BUTANDIGA,2151,BUDADIRI,215,SIRONKO
215114,BUTEZA,2151,BUDADIRI,215,SIRONKO
215115,BUWALASI,2151,BUDADIRI,215,SIRONKO
215116,BUWASA,2151,BUDADIRI,215,SIRONKO
215117,BUYOBO,2151,BUDADIRI,215,SIRONKO
215118,MASABA,2151,BUDADIRI,215,SIRONKO
215119,NALUSALA,2151,BUDADIRI,215,SIRONKO
215120,SIRONKO TC,2151,BUDADIRI,215,SIRONKO
215121,ZESUI,2151,BUDADIRI,215,SIRONKO
216101,ABARILELA,2161,AMURIA,216,AMURIA
216102,AKERIAU,2161,AMURIA,216,AMURIA
216103,AMURIA T. C.,2161,AMURIA,216,AMURIA
216104,APEDURU,2161,AMURIA,216,AMURIA
216105,ASAMUK,2161,AMURIA,216,AMURIA
216106,KUJU,2161,AMURIA,216,AMURIA
216107,MORUNGATUNY,2161,AMURIA,216,AMURIA
216108,OGOLAI,2161,AMURIA,216,AMURIA
216109,ORUNGO,2161,AMURIA,216,AMURIA
216110,WERA,2161,AMURIA,216,AMURIA
216111,WILLA,2161,AMURIA,216,AMURIA
216201,ACOWA,2162,KAPELEBYONG,216,AMURIA
216202,AKOROMIT,2162,KAPELEBYONG,216,AMURIA
216203,KAPELEBYONG,2162,KAPELEBYONG,216,AMURIA
216204,OBALANGA,2162,KAPELEBYONG,216,AMURIA
216205,OKUNGUR,2162,KAPELEBYONG,216,AMURIA
217101,BUDAKA,2171,BUDAKA,217,BUDAKA
217102,BUDAKA TC,2171,BUDAKA,217,BUDAKA
217103,KACHOMO,2171,BUDAKA,217,BUDAKA
217104,KADERUNA,2171,BUDAKA,217,BUDAKA
217105,KAKULE,2171,BUDAKA,217,BUDAKA
217106,LYAMA,2171,BUDAKA,217,BUDAKA
217107,NABOA,2171,BUDAKA,217,BUDAKA
217108,NANSANGA,2171,BUDAKA,217,BUDAKA
217201,IKI-IKI,2172,IKI-IKI,217,BUDAKA
217202,KAMERUKA,2172,IKI-IKI,217,BUDAKA
217203,KAMONKOLI,2172,IKI-IKI,217,BUDAKA
217204,KATIIRA,2172,IKI-IKI,217,BUDAKA
217205,MUGITI,2172,IKI-IKI,217,BUDAKA
218101,BUBIITA,2181,MANJIYA,218,BUDUDA
218102,BUDUDA T C,2181,MANJIYA,218,BUDUDA
218103,BUDUDA,2181,MANJIYA,218,BUDUDA
218104,BUKALASI,2181,MANJIYA,218,BUDUDA
218105,BUKIBOKOLO,2181,MANJIYA,218,BUDUDA
218106,BUKIGAI,2181,MANJIYA,218,BUDUDA
218107,BULUCHEKE,2181,MANJIYA,218,BUDUDA
218108,BUMASHETI,2181,MANJIYA,218,BUDUDA
218109,BUMAYOKA,2181,MANJIYA,218,BUDUDA
218110,BUSHIKA,2181,MANJIYA,218,BUDUDA
218111,BUSHIRIBO,2181,MANJIYA,218,BUDUDA
218112,BUSHIYI,2181,MANJIYA,218,BUDUDA
218113,BUWALI,2181,MANJIYA,218,BUDUDA
218114,NABWEYA,2181,MANJIYA,218,BUDUDA
218115,NAKATSI,2181,MANJIYA,218,BUDUDA
218116,NALWANZA,2181,MANJIYA,218,BUDUDA
219101,BUKEDEA,2191,BUKEDEA,219,BUKEDEA
219102,BUKEDEA TC,2191,BUKEDEA,219,BUKEDEA
219103,KACHUMBALA,2191,BUKEDEA,219,BUKEDEA
219104,KIDONGOLE,2191,BUKEDEA,219,BUKEDEA
219105,KOLIR,2191,BUKEDEA,219,BUKEDEA
219106,MALERA,2191,BUKEDEA,219,BUKEDEA
220101,BUKWA,2201,KONGASIS,220,BUKWO
220102,BUKWO T C,2201,KONGASIS,220,BUKWO
220103,CHEPKWASTA,2201,KONGASIS,220,BUKWO
220104,CHESOWER,2201,KONGASIS,220,BUKWO
220105,KABEI,2201,KONGASIS,220,BUKWO
220106,KAMET,2201,KONGASIS,220,BUKWO
220107,KAPTERERWO,2201,KONGASIS,220,BUKWO
220108,KORTEK,2201,KONGASIS,220,BUKWO
220109,RIWO,2201,KONGASIS,220,BUKWO
220110,SENENDET,2201,KONGASIS,220,BUKWO
220111,SUAM,2201,KONGASIS,220,BUKWO
220112,TULEL,2201,KONGASIS,220,BUKWO
222101,BUMANYA,2221,BULAMOGI,222,KALIRO
222102,GADUMIRE,2221,BULAMOGI,222,KALIRO
222103,KALIRO T.C.,2221,BULAMOGI,222,KALIRO
222104,NAMUGONGO,2221,BULAMOGI,222,KALIRO
222105,NAMWIWA,2221,BULAMOGI,222,KALIRO
222106,NAWAIKOKE,2221,BULAMOGI,222,KALIRO
223101,BUBUTU ,2231,BUBULO,223,MANAFWA
223102,BUGOBERO,2231,BUBULO,223,MANAFWA
223103,BUKHABUSI,2231,BUBULO,223,MANAFWA
223104,BUKHAWEKA,2231,BUBULO,223,MANAFWA
223105,BUKHOFU,2231,BUBULO,223,MANAFWA
223106,BUKIABI,2231,BUBULO,223,MANAFWA
223107,BUKOKHO,2231,BUBULO,223,MANAFWA
223108,BUKUSU,2231,BUBULO,223,MANAFWA
223109,BUMBO,2231,BUBULO,223,MANAFWA
223110,BUMWONI,2231,BUBULO,223,MANAFWA
223111,BUNABWANA,2231,BUBULO,223,MANAFWA
223112,BUPOTO,2231,BUBULO,223,MANAFWA
223113,BUSUKUYA,2231,BUBULO,223,MANAFWA
223114,BUTIRU,2231,BUBULO,223,MANAFWA
223115,BUTTA,2231,BUBULO,223,MANAFWA
223116,BUWABWALA,2231,BUBULO,223,MANAFWA
223117,BUWAGOGO,2231,BUBULO,223,MANAFWA
223118,KAATO,2231,BUBULO,223,MANAFWA
223119,KHABUTOOLA,2231,BUBULO,223,MANAFWA
223120,LWAKHAKHA TC,2231,BUBULO,223,MANAFWA
223121,MAGALE,2231,BUBULO,223,MANAFWA
223122,MANAFWA TC,2231,BUBULO,223,MANAFWA
223123,MUKOTO,2231,BUBULO,223,MANAFWA
223124,NALONDO,2231,BUBULO,223,MANAFWA
223125,NAMABYA,2231,BUBULO,223,MANAFWA
223126,NAMBOKO,2231,BUBULO,223,MANAFWA
223127,SIBANGA,2231,BUBULO,223,MANAFWA
223128,SISUNI,2231,BUBULO,223,MANAFWA
223129,TSEKULULU,2231,BUBULO,223,MANAFWA
223130,WESWA,2231,BUBULO,223,MANAFWA
224101,BULANGE,2241,BUSIKI,224,NAMUTUMBA
224102,IVUKULA,2241,BUSIKI,224,NAMUTUMBA
224103,KIBAALE,2241,BUSIKI,224,NAMUTUMBA
224104,MAGADA,2241,BUSIKI,224,NAMUTUMBA
224105,NAMUTUMBA,2241,BUSIKI,224,NAMUTUMBA
224106,NAMUTUMBA TOWN COUNCIL,2241,BUSIKI,224,NAMUTUMBA
224107,NSINZE,2241,BUSIKI,224,NAMUTUMBA
225101,BUGINYANYA,2251,BULAMBULI,225,BULAMBULI
225102,BUKHALU,2251,BULAMBULI,225,BULAMBULI
225103,BULAAGO,2251,BULAMBULI,225,BULAMBULI
225104,BULAMBULI TC,2251,BULAMBULI,225,BULAMBULI
225105,BULEGENI,2251,BULAMBULI,225,BULAMBULI
225106,SIMU,2251,BULAMBULI,225,BULAMBULI
225107,BULUGANYA,2251,BULAMBULI,225,BULAMBULI
225108,BUMASOBO,2251,BULAMBULI,225,BULAMBULI
225109,BUMUGIBOLE,2251,BULAMBULI,225,BULAMBULI
225110,BUNAMBUTYE,2251,BULAMBULI,225,BULAMBULI
225111,BWIKHONGE,2251,BULAMBULI,225,BULAMBULI
225112,NABBONGO,2251,BULAMBULI,225,BULAMBULI
225113,MUYEMBE,2251,BULAMBULI,225,BULAMBULI
225114,LUSHA,2251,BULAMBULI,225,BULAMBULI
225115,MASIIRA,2251,BULAMBULI,225,BULAMBULI
225116,KAMU,2251,BULAMBULI,225,BULAMBULI
225117,NAMISUNI,2251,BULAMBULI,225,BULAMBULI
225118,SISIYI,2251,BULAMBULI,225,BULAMBULI
225119,BULEGENI TC,2251,BULAMBULI,225,BULAMBULI
226101,BUGAYA,2261,BUDIOPE,226,BUYENDE
226102,BUYENDE,2261,BUDIOPE,226,BUYENDE
226104,BUYENDE TC,2261,BUDIOPE,226,BUYENDE
226105,KAGULU,2261,BUDIOPE,226,BUYENDE
226106,KIDERA,2261,BUDIOPE,226,BUYENDE
226107,NKONDO,2261,BUDIOPE,226,BUYENDE
227101,BULANGIRA,2271,KIBUKU,227,KIBUKU
227102,BUSETA,2271,KIBUKU,227,KIBUKU
227103,KABWERI,2271,KIBUKU,227,KIBUKU
227104,KADAMA,2271,KIBUKU,227,KIBUKU
227105,KAGUMU,2271,KIBUKU,227,KIBUKU
227106,KASASIRA,2271,KIBUKU,227,KIBUKU
227107,KIBUKU,2271,KIBUKU,227,KIBUKU
227108,KIBUKU TC,2271,KIBUKU,227,KIBUKU
227109,KIRIKA,2271,KIBUKU,227,KIBUKU
227110,TIRINYI,2271,KIBUKU,227,KIBUKU
228101,BENET,2281,KWEEN,228,KWEEN
228102,BINYINY,2281,KWEEN,228,KWEEN
228103,BINYINY TC,2281,KWEEN,228,KWEEN
228104,KAPRORON,2281,KWEEN,228,KWEEN
228105,KAPTOYOY,2281,KWEEN,228,KWEEN
228106,KAPTUM,2281,KWEEN,228,KWEEN
228107,KIRIKI,2281,KWEEN,228,KWEEN
228108,KITAWOI,2281,KWEEN,228,KWEEN
228109,KWANYIY,2281,KWEEN,228,KWEEN
228110,KWOSIR,2281,KWEEN,228,KWEEN
228111,MOYOK,2281,KWEEN,228,KWEEN
228112,NGENGE,2281,KWEEN,228,KWEEN
229101,BUKANGA,2291,LUUKA,229,LUUKA
229102,BUKOOMA,2291,LUUKA,229,LUUKA
229103,BULONGO,2291,LUUKA,229,LUUKA
229104,IKUMBYA,2291,LUUKA,229,LUUKA
229105,IRONGO,2291,LUUKA,229,LUUKA
229106,LUUKA TC,2291,LUUKA,229,LUUKA
229107,NAWAMPITI,2291,LUUKA,229,LUUKA
229108,WAIBUGA,2291,LUUKA,229,LUUKA
230101,BANDA,2301,BUKOOLI,230,NAMAYINGO
230102,BUKANA,2301,BUKOOLI,230,NAMAYINGO
230103,BUHEMBA,2301,BUKOOLI,230,NAMAYINGO
230104,BUSWALE,2301,BUKOOLI,230,NAMAYINGO
230105,BUYINJA,2301,BUKOOLI,230,NAMAYINGO
230106,LOLWE,2301,BUKOOLI,230,NAMAYINGO
230107,MUTUMBA,2301,BUKOOLI,230,NAMAYINGO
230108,NAMAYINGO TC,2301,BUKOOLI,230,NAMAYINGO
230109,SIGULU ISLAND,2301,BUKOOLI,230,NAMAYINGO
231101,KAPIR,2311,NGORA,231,NGORA
231102,KOBWIN,2311,NGORA,231,NGORA
231103,MUKURA,2311,NGORA,231,NGORA
231104,NGORA,2311,NGORA,231,NGORA
231105,NGORA TC,2311,NGORA,231,NGORA
232101,BUGONDO,2321,KASILO,232,SERERE
232102,KADUNGULU,2321,KASILO,232,SERERE
232103,KASILO TC,2321,KASILO,232,SERERE
232104,LABORI,2321,KASILO,232,SERERE
232105,PINGIRE,2321,KASILO,232,SERERE
232201,ATIIRA,2322,SERERE,232,SERERE
232202,KATETA,2322,SERERE,232,SERERE
232203,KYERE,2322,SERERE,232,SERERE
232204,OLIO ,2322,SERERE,232,SERERE
232205,SERERE TC,2322,SERERE,232,SERERE
301101,ADJUMANI TC,3011,EAST MOYO,301,ADJUMANI
301102,ADROPI,3011,EAST MOYO,301,ADJUMANI
301103,ARINYAPI,3011,EAST MOYO,301,ADJUMANI
301104,CIFORO,3011,EAST MOYO,301,ADJUMANI
301105,DZAIPI,3011,EAST MOYO,301,ADJUMANI
301106,ITIRIKWA,3011,EAST MOYO,301,ADJUMANI
301107,OFUA,3011,EAST MOYO,301,ADJUMANI
301108,UKUSIJONI,3011,EAST MOYO,301,ADJUMANI
301109,PACARA,3011,EAST MOYO,301,ADJUMANI
301110,PAKELE,3011,EAST MOYO,301,ADJUMANI
302101,ABONGOMOLA,3021,KWANIA,302,APAC
302102,ADUKU,3021,KWANIA,302,APAC
302103,ADUKU TC,3021,KWANIA,302,APAC
302104,CHAWENTE,3021,KWANIA,302,APAC
302105,INOMO,3021,KWANIA,302,APAC
302106,NAMBIESO,3021,KWANIA,302,APAC
302201,AKOKORO,3022,MARUZI,302,APAC
302202,APAC,3022,MARUZI,302,APAC
302203,APAC  TC,3022,MARUZI,302,APAC
302204,CHEGERE,3022,MARUZI,302,APAC
302205,IBUJE,3022,MARUZI,302,APAC
303101,ARUA HILL,3031,ARUA MUNICIPALITY,303,ARUA
303102,RIVER OLI,3031,ARUA MUNICIPALITY,303,ARUA
303201,ADUMI,3032,AYIVU,303,ARUA
303202,AROI   ,3032,AYIVU,303,ARUA
303203,AYIVUNI,3032,AYIVU,303,ARUA
303204,DADAMU,3032,AYIVU,303,ARUA
303205,MANIBE,3032,AYIVU,303,ARUA
303206,OLUKO,3032,AYIVU,303,ARUA
303207,PAJULU,3032,AYIVU,303,ARUA
303301,ANYIRIBU,3033,MADI OKOLLO,303,ARUA
303302,EWANGA,3033,MADI OKOLLO,303,ARUA
303303,OFFAKA,3033,MADI OKOLLO,303,ARUA
303304,OGOKO,3033,MADI OKOLLO,303,ARUA
303305,OKOLLO,3033,MADI OKOLLO,303,ARUA
303306,PAWOR,3033,MADI OKOLLO,303,ARUA
303307,RHINO CAMP,3033,MADI OKOLLO,303,ARUA
303308,RIGBO,3033,MADI OKOLLO,303,ARUA
303309,ULEPPI,3033,MADI OKOLLO,303,ARUA
303401,AII-VU,3034,TEREGO,303,ARUA
303402,BILEAFE,3034,TEREGO,303,ARUA
303403,KATRINI,3034,TEREGO,303,ARUA
303404,OMUGO,3034,TEREGO,303,ARUA
303405,ODUPI,3034,TEREGO,303,ARUA
303406,URIAMA,3034,TEREGO,303,ARUA
303501,AJIA,3035,VURRA,303,ARUA
303502,ARIVU,3035,VURRA,303,ARUA
303503,LOGIRI,3035,VURRA,303,ARUA
303504,VURRA,3035,VURRA,303,ARUA
304101,AWACH,3041,ASWA,304,GULU
304102,BUNGATIRA,3041,ASWA,304,GULU
304103,PAICHO,3041,ASWA,304,GULU
304104,PALARO,3041,ASWA,304,GULU
304105,PATIKO,3041,ASWA,304,GULU
304106,UNYAMA,3041,ASWA,304,GULU
304201,BAR DEGE,3042,GULU MUNICIPALITY,304,GULU
304202,LAROO,3042,GULU MUNICIPALITY,304,GULU
304203,LAYIBI,3042,GULU MUNICIPALITY,304,GULU
304204,PECE,3042,GULU MUNICIPALITY,304,GULU
304301,BOBI,3043,OMORO,304,GULU
304302,KORO,3043,OMORO,304,GULU
304303,LAKWANA,3043,OMORO,304,GULU
304304,LALOGI,3043,OMORO,304,GULU
304305,ODEK,3043,OMORO,304,GULU
304306,ONGAKO,3043,OMORO,304,GULU
305101,KITGUM MATIDI,3051,CHUA,305,KITGUM
305102,KITGUM TC,3051,CHUA,305,KITGUM
305103,LABONGO AKWANG,3051,CHUA,305,KITGUM
305104,LABONGO AMIDA,3051,CHUA,305,KITGUM
305105,LABONGO LAYAMO,3051,CHUA,305,KITGUM
305106,LAGORO,3051,CHUA,305,KITGUM
305107,MUCWINI,3051,CHUA,305,KITGUM
305108,NAMOKORA,3051,CHUA,305,KITGUM
305109,OMIYA ANYIMA,3051,CHUA,305,KITGUM
305110,OROM,3051,CHUA,305,KITGUM
306101,KACHERI,3061,JIE,306,KOTIDO
306102,KOTIDO,3061,JIE,306,KOTIDO
306103,KOTIDO T C,3061,JIE,306,KOTIDO
306104,NAKAPELIMORU,3061,JIE,306,KOTIDO
306105,PANYANGARA,3061,JIE,306,KOTIDO
306106,RENGEN,3061,JIE,306,KOTIDO
307101,ADEKOKWOK,3071,ERUTE,307,LIRA
307102,AGALI,3071,ERUTE,307,LIRA
307103,AGWENG,3071,ERUTE,307,LIRA
307104,AMACH,3071,ERUTE,307,LIRA
307105,AROMO,3071,ERUTE,307,LIRA
307106,BARR,3071,ERUTE,307,LIRA
307107,LIRA,3071,ERUTE,307,LIRA
307108,NGETTA,3071,ERUTE,307,LIRA
307109,OGUR,3071,ERUTE,307,LIRA
307201,ADYEL,3072,LIRA  MUNICIPALITY,307,LIRA
307202,CENTRAL  ,3072,LIRA  MUNICIPALITY,307,LIRA
307203,OJWINA,3072,LIRA  MUNICIPALITY,307,LIRA
307204,RAILWAY,3072,LIRA  MUNICIPALITY,307,LIRA
308101,KATIKEKILE,3081,MATHENIKO,308,MOROTO
308102,NADUNGET,3081,MATHENIKO,308,MOROTO
308103,RUPA,3081,MATHENIKO,308,MOROTO
308104,TAPAC,3081,MATHENIKO,308,MOROTO
308201,NORTHERN,3082,MOROTO MUNICIPALITY,308,MOROTO
308202,SOUTHERN,3082,MOROTO MUNICIPALITY,308,MOROTO
309101,ALIBA,3091,OBONGI,309,MOYO
309102,GIMARA,3091,OBONGI,309,MOYO
309103,ITULA,3091,OBONGI,309,MOYO
309201,DIFULE,3092,WEST MOYO,309,MOYO
309202,LAROPI,3092,WEST MOYO,309,MOYO
309203,LEFORI,3092,WEST MOYO,309,MOYO
309204,METU,3092,WEST MOYO,309,MOYO
309205,MOYO,3092,WEST MOYO,309,MOYO
309206,MOYO T. C.,3092,WEST MOYO,309,MOYO
310101,ALWI,3101,JONAM,310,NEBBI
310102,PAKWACH,3101,JONAM,310,NEBBI
310103,PAKWACH T.C.,3101,JONAM,310,NEBBI
310104,PANYANGO,3101,JONAM,310,NEBBI
310105,PANYIMUR,3101,JONAM,310,NEBBI
310106,WADELAI,3101,JONAM,310,NEBBI
310201,AKWORO,3102,PADYERE,310,NEBBI
310202,ATEGO,3102,PADYERE,310,NEBBI
310203,ERUSSI,3102,PADYERE,310,NEBBI
310204,KUCWINY,3102,PADYERE,310,NEBBI
310205,NDHEW,3102,PADYERE,310,NEBBI
310206,NEBBI,3102,PADYERE,310,NEBBI
310207,NEBBI T. C.,3102,PADYERE,310,NEBBI
310208,NYARAVUR,3102,PADYERE,310,NEBBI
310209,PAROMBO,3102,PADYERE,310,NEBBI
311101,LOREGAE,3111,CHEKWII,311,NAKAPIRIPIRIT
311102,MORUITA,3111,CHEKWII,311,NAKAPIRIPIRIT
311103,NAKAPIRIPIRIT T.C.,3111,CHEKWII,311,NAKAPIRIPIRIT
311104,NAMALU,3111,CHEKWII,311,NAKAPIRIPIRIT
311105,KAKOMONGOLE,3111,CHEKWII,311,NAKAPIRIPIRIT
311201,LOLACHAT,3112,PIAN,311,NAKAPIRIPIRIT
311202,LORENGEDWAT,3112,PIAN,311,NAKAPIRIPIRIT
311203,NABILATUK,3112,PIAN,311,NAKAPIRIPIRIT
312101,ACHOLIBUR,3121,ARUU,312,PADER
312102,ANGAGURA,3121,ARUU,312,PADER
312103,ATANGA,3121,ARUU,312,PADER
312104,AWERE,3121,ARUU,312,PADER
312105,LAGUTI,3121,ARUU,312,PADER
312106,LAPUL,3121,ARUU,312,PADER
312107,LATANYA,3121,ARUU,312,PADER
312108,OGOM,3121,ARUU,312,PADER
312109,PADER,3121,ARUU,312,PADER
312110,PADER T.C.,3121,ARUU,312,PADER
312111,PAJULE,3121,ARUU,312,PADER
312112,PURANGA,3121,ARUU,312,PADER
313101,APO,3131,ARINGA,313,YUMBE
313102,ARIWA,3131,ARINGA,313,YUMBE
313103,DRAJINI,3131,ARINGA,313,YUMBE
313104,KEI,3131,ARINGA,313,YUMBE
313105,KERWA,3131,ARINGA,313,YUMBE
313106,KOCHI,3131,ARINGA,313,YUMBE
313107,KULULU,3131,ARINGA,313,YUMBE
313108,KURU,3131,ARINGA,313,YUMBE
313109,LODONGA,3131,ARINGA,313,YUMBE
313110,MIDIGO,3131,ARINGA,313,YUMBE
313111,ODRAVU,3131,ARINGA,313,YUMBE
313112,ROMOGI,3131,ARINGA,313,YUMBE
313113,YUMBE TC,3131,ARINGA,313,YUMBE
314101,ABIM,3141,LABWOR,314,ABIM
314102,ABIM TC,3141,LABWOR,314,ABIM
314103,ALEREK,3141,LABWOR,314,ABIM
314104,LOTUKEI,3141,LABWOR,314,ABIM
314105,MORULEM,3141,LABWOR,314,ABIM
314106,NYAKWAE,3141,LABWOR,314,ABIM
315101,AGIKDAK,3151,KIOGA,315,AMOLATAR
315102,AGWINGIRI,3151,KIOGA,315,AMOLATAR
315103,AKWON,3151,KIOGA,315,AMOLATAR
315104,AMOLATAR T C,3151,KIOGA,315,AMOLATAR
315105,APUTI,3151,KIOGA,315,AMOLATAR
315106,ARWOTCEK,3151,KIOGA,315,AMOLATAR
315107,AWELO,3151,KIOGA,315,AMOLATAR
315108,ETAM,3151,KIOGA,315,AMOLATAR
315109,MUNTU,3151,KIOGA,315,AMOLATAR
315110,NAMASALE,3151,KIOGA,315,AMOLATAR
315111,NAMASALE  T C,3151,KIOGA,315,AMOLATAR
316101,AMURU,3161,KILAK,316,AMURU
316102,AMURU TC,3161,KILAK,316,AMURU
316103,ATTIAK,3161,KILAK,316,AMURU
316104,LAMOGI,3161,KILAK,316,AMURU
316105,PABO,3161,KILAK,316,AMURU
317101,ADEKNINO,3171,DOKOLO,317,DOKOLO
317102,ADOK,3171,DOKOLO,317,DOKOLO
317103,AGWATA,3171,DOKOLO,317,DOKOLO
317104,AMWOMA,3171,DOKOLO,317,DOKOLO
317105,BATTA,3171,DOKOLO,317,DOKOLO
317106,DOKOLO,3171,DOKOLO,317,DOKOLO
317107,DOKOLO TC,3171,DOKOLO,317,DOKOLO
317108,KANGAI,3171,DOKOLO,317,DOKOLO
317109,KWERA,3171,DOKOLO,317,DOKOLO
317110,OKWALONGWEN,3171,DOKOLO,317,DOKOLO
317111,OKWONGODUL,3171,DOKOLO,317,DOKOLO
318101,KAABONG EAST,3181,DODOTH,318,KAABONG
318102,KAABONG T.C.,3181,DODOTH,318,KAABONG
318103,KAABONG WEST,3181,DODOTH,318,KAABONG
318104,KALAPATA,3181,DODOTH,318,KAABONG
318105,KAMION,3181,DODOTH,318,KAABONG
318106,KAPEDO,3181,DODOTH,318,KAABONG
318107,KATHILE,3181,DODOTH,318,KAABONG
318108,KAWALAKOL,3181,DODOTH,318,KAABONG
318109,LOBALANGIT,3181,DODOTH,318,KAABONG
318110,LODIKO,3181,DODOTH,318,KAABONG
318111,LOLELIA,3181,DODOTH,318,KAABONG
318112,LOYORO,3181,DODOTH,318,KAABONG
318113,NAPORE KARENGA,3181,DODOTH,318,KAABONG
318114,SIDOK,3181,DODOTH,318,KAABONG
319101,ABUKU,3191,KOBOKO,319,KOBOKO
319102,DRANYA,3191,KOBOKO,319,KOBOKO
319103,KOBOKO TC,3191,KOBOKO,319,KOBOKO
319104,KULUBA,3191,KOBOKO,319,KOBOKO
319105,LOBULE,3191,KOBOKO,319,KOBOKO
319106,LUDARA,3191,KOBOKO,319,KOBOKO
319107,MIDIA,3191,KOBOKO,319,KOBOKO
320101,KIJOMORO,3201,MARACHA,320,MARACHA
320102,MARACHA T C,3201,MARACHA,320,MARACHA
320103,NYADRI,3201,MARACHA,320,MARACHA
320104,OLEBA,3201,MARACHA,320,MARACHA
320105,OLUFFE,3201,MARACHA,320,MARACHA
320106,OLUVU,3201,MARACHA,320,MARACHA
320107,TARA,3201,MARACHA,320,MARACHA
320108,YIVU,3201,MARACHA,320,MARACHA
321101,ABER,3211,OYAM,321,OYAM
321102,ABOK,3211,OYAM,321,OYAM
321103,ACABA,3211,OYAM,321,OYAM
321104,ALEKA,3211,OYAM,321,OYAM
321105,ICEME,3211,OYAM,321,OYAM
321106,KAMDINI,3211,OYAM,321,OYAM
321107,LORO,3211,OYAM,321,OYAM
321108,MINAKULU,3211,OYAM,321,OYAM
321109,MYENE,3211,OYAM,321,OYAM
321110,NGAI,3211,OYAM,321,OYAM
321111,OTWAL,3211,OYAM,321,OYAM
321112,TOWN  COUNCIL,3211,OYAM,321,OYAM
322101,ADILANG,3221,AGAGO,322,AGAGO
322102,AGAGO TC,3221,AGAGO,322,AGAGO
322103,ARUM,3221,AGAGO,322,AGAGO
322104,KALONGO TC,3221,AGAGO,322,AGAGO
322105,KOTOMOL,3221,AGAGO,322,AGAGO
322106,LAMIYO,3221,AGAGO,322,AGAGO
322107,LAPONO,3221,AGAGO,322,AGAGO
322108,LIRA PALWO,3221,AGAGO,322,AGAGO
322109,LOKOLE,3221,AGAGO,322,AGAGO
322110,OMIYA PACWA,3221,AGAGO,322,AGAGO
322111,OMOT,3221,AGAGO,322,AGAGO
322112,PAIMOL,3221,AGAGO,322,AGAGO
322113,PARABONGO,3221,AGAGO,322,AGAGO
322114,PATONGO,3221,AGAGO,322,AGAGO
322115,PATONGO TC,3221,AGAGO,322,AGAGO
322116,WOL,3221,AGAGO,322,AGAGO
323101,ABAKO,3231,MOROTO,323,ALEBTONG
323102,ABIA,3231,MOROTO,323,ALEBTONG
323103,AKURA,3231,MOROTO,323,ALEBTONG
323104,ALEBTONG TC,3231,MOROTO,323,ALEBTONG
323105,ALOI,3231,MOROTO,323,ALEBTONG
323106,AMUGU,3231,MOROTO,323,ALEBTONG
323107,APALA,3231,MOROTO,323,ALEBTONG
323108,AWEI,3231,MOROTO,323,ALEBTONG
323109,OMORO,3231,MOROTO,323,ALEBTONG
324101,AMUDAT,3241,POKOT,324,AMUDAT
324102,AMUDAT T. C.,3241,POKOT,324,AMUDAT
324103,KARITA,3241,POKOT,324,AMUDAT
324104,LOROO,3241,POKOT,324,AMUDAT
325101,ABOKE,3251,KOLE,325,KOLE
325102,AKALO,3251,KOLE,325,KOLE
325103,ALITO,3251,KOLE,325,KOLE
325104,AYER,3251,KOLE,325,KOLE
325105,BALA,3251,KOLE,325,KOLE
325106,KOLE TC,3251,KOLE,325,KOLE
325107,OKWERODOT,3251,KOLE,325,KOLE
326101,AGORO,3261,LAMWO,326,LAMWO
326102,LAMWO  T C,3261,LAMWO,326,LAMWO
326103,PALABEK GEM,3261,LAMWO,326,LAMWO
326104,MADI  OPEI,3261,LAMWO,326,LAMWO
326105,PADIBE WEST,3261,LAMWO,326,LAMWO
326106,LOKUNG,3261,LAMWO,326,LAMWO
326107,PADIBE EAST,3261,LAMWO,326,LAMWO
326108,PALABEK KAL,3261,LAMWO,326,LAMWO
326109,PALABEK OGILI,3261,LAMWO,326,LAMWO
326110,PALOGA,3261,LAMWO,326,LAMWO
326111,PADIBE T C,3261,LAMWO,326,LAMWO
327101,IRIIRI,3271,BOKORA,327,NAPAK
327102,LORENGECORA,3271,BOKORA,327,NAPAK
327103,LOTOME,3271,BOKORA,327,NAPAK
327104,MATANY,3271,BOKORA,327,NAPAK
327105,NAPAK T.C.,3271,BOKORA,327,NAPAK
327106,NGOLERIET,3271,BOKORA,327,NAPAK
327107,LOKOPO,3271,BOKORA,327,NAPAK
327108,LOPEEI,3271,BOKORA,327,NAPAK
328101,ALERO,3281,NWOYA,328,NWOYA
328102,ANAKA PAYIRA,3281,NWOYA,328,NWOYA
328103,KOCH-GOMA,3281,NWOYA,328,NWOYA
328104,ANAKA TC,3281,NWOYA,328,NWOYA
328105,PURONGO,3281,NWOYA,328,NWOYA
329101,ADWARI,3291,OTUKE,329,OTUKE
329102,ALANGO,3291,OTUKE,329,OTUKE
329103,OGOR,3291,OTUKE,329,OTUKE
329104,OGWETTE,3291,OTUKE,329,OTUKE
329105,OKWANG,3291,OTUKE,329,OTUKE
329106,OLILIM,3291,OTUKE,329,OTUKE
329107,ORUM,3291,OTUKE,329,OTUKE
329108,OTUKE T.C.,3291,OTUKE,329,OTUKE
330101,ABANGA,3301,OKORO,330,ZOMBO
330102,ATYAK,3301,OKORO,330,ZOMBO
330103,JANGOKORO,3301,OKORO,330,ZOMBO
330104,KANGO,3301,OKORO,330,ZOMBO
330105,NYAPEA,3301,OKORO,330,ZOMBO
330106,PAIDHA,3301,OKORO,330,ZOMBO
330107,PAIDHA TC,3301,OKORO,330,ZOMBO
330108,WARR,3301,OKORO,330,ZOMBO
330109,ZEU,3301,OKORO,330,ZOMBO
330110,ZOMBO TC,3301,OKORO,330,ZOMBO
401101,BUKONZO,4011,BUGHENDERA,401,BUNDIBUGYO
401102,HARUGALE,4011,BUGHENDERA,401,BUNDIBUGYO
401103,NDUGUTU,4011,BUGHENDERA,401,BUNDIBUGYO
401104,NGAMBA,4011,BUGHENDERA,401,BUNDIBUGYO
401105,NTOTORO,4011,BUGHENDERA,401,BUNDIBUGYO
401106,SINDILA,4011,BUGHENDERA,401,BUNDIBUGYO
401201,BUBANDI,4012,BWAMBA,401,BUNDIBUGYO
401202,BUBUKWANGA,4012,BWAMBA,401,BUNDIBUGYO
401203,BUNDIBUGYO TC,4012,BWAMBA,401,BUNDIBUGYO
401204,BUSARU,4012,BWAMBA,401,BUNDIBUGYO
401205,KASITU,4012,BWAMBA,401,BUNDIBUGYO
401206,KIRUMYA,4012,BWAMBA,401,BUNDIBUGYO
401207,KISUBA,4012,BWAMBA,401,BUNDIBUGYO
401208,MIRAMBI,4012,BWAMBA,401,BUNDIBUGYO
401209,NYAHUKA TC,4012,BWAMBA,401,BUNDIBUGYO
402101,CENTRAL DIVISION,4021,BUSHENYI- ISHAKA MUNICIPALITY,402,BUSHENYI
402102,ISHAKA DIVISION,4021,BUSHENYI- ISHAKA MUNICIPALITY,402,BUSHENYI
402103,NYAKABIRIZI DIVISION,4021,BUSHENYI- ISHAKA MUNICIPALITY,402,BUSHENYI
402201,BITOOMA,4022,IGARA,402,BUSHENYI
402202,BUMBAIRE,4022,IGARA,402,BUSHENYI
402203,IBAARE,4022,IGARA,402,BUSHENYI
402204,KAKANJU,4022,IGARA,402,BUSHENYI
402205,KYABUGIMBI,4022,IGARA,402,BUSHENYI
402206,KYAMUHUNGA,4022,IGARA,402,BUSHENYI
402207,KYEIZOOBA,4022,IGARA,402,BUSHENYI
402208,NYABUBARE,4022,IGARA,402,BUSHENYI
402209,RUHUMURO,4022,IGARA,402,BUSHENYI
403101,BUHANIKA,4031,BUGAHYA,403,HOIMA
403102,BUSERUKA,4031,BUGAHYA,403,HOIMA
403103,KIGOROBYA,4031,BUGAHYA,403,HOIMA
403104,KIGOROBYA TC,4031,BUGAHYA,403,HOIMA
403105,KITOBA,4031,BUGAHYA,403,HOIMA
403106,KYABIGAMBIRE,4031,BUGAHYA,403,HOIMA
403201,BUGAMBE,4032,BUHAGUZI,403,HOIMA
403202,BUHIMBA,4032,BUHAGUZI,403,HOIMA
403203,KABWOYA,4032,BUHAGUZI,403,HOIMA
403204,KIZIRANFUMBI,4032,BUHAGUZI,403,HOIMA
403205,KYANGWALI,4032,BUHAGUZI,403,HOIMA
403301,BUJUMBURA,4033,HOIMA MUNICIPALITY,403,HOIMA
403302,BUSIISI  ,4033,HOIMA MUNICIPALITY,403,HOIMA
403303,KAHOORA,4033,HOIMA MUNICIPALITY,403,HOIMA
403304,MPARO,4033,HOIMA MUNICIPALITY,403,HOIMA
404101,CENTRAL DIVISION,4041,KABALE MUNICIPALITY,404,KABALE
404102,NORTHERN DIVISION,4041,KABALE MUNICIPALITY,404,KABALE
404103,SOUTHERN DIVISION,4041,KABALE MUNICIPALITY,404,KABALE
404201,BUHARA,4042,NDORWA,404,KABALE
404202,BUTANDA,4042,NDORWA,404,KABALE
404203,KAHARO,4042,NDORWA,404,KABALE
404204,KAMUGANGUZI,4042,NDORWA,404,KABALE
404205,KATUNA TOWN COUNCUL,4042,NDORWA,404,KABALE
404206,KITUMBA,4042,NDORWA,404,KABALE
404207,KYANAMIRA,4042,NDORWA,404,KABALE
404208,MAZIBA,4042,NDORWA,404,KABALE
404209,RUBAYA,4042,NDORWA,404,KABALE
404301,BUBAARE,4043,RUBANDA,404,KABALE
404302,BUFUNDI,4043,RUBANDA,404,KABALE
404303,HAMURWA,4043,RUBANDA,404,KABALE
404304,HAMURWA TOWN COUNCIL,4043,RUBANDA,404,KABALE
404305,IKUMBA,4043,RUBANDA,404,KABALE
404306,MUKO,4043,RUBANDA,404,KABALE
404307,NYAMWERU,4043,RUBANDA,404,KABALE
404308,RUHIJA,4043,RUBANDA,404,KABALE
404401,BUKINDA,4044,RUKIGA,404,KABALE
404402,KAMWEZI,4044,RUKIGA,404,KABALE
404403,KASHAMBYA,4044,RUKIGA,404,KABALE
404404,MUHANGA TOWN COUNCIL,4044,RUKIGA,404,KABALE
404405,RWAMUCUCU,4044,RUKIGA,404,KABALE
405101,BUHEESI,4051,BUNYANGABU,405,KABAROLE
405102,KABONERO,4051,BUNYANGABU,405,KABAROLE
405103,KATEEBWA,4051,BUNYANGABU,405,KABAROLE
405104,KIBIITO,4051,BUNYANGABU,405,KABAROLE
405105,KIBIITO TC,4051,BUNYANGABU,405,KABAROLE
405106,KISOMORO,4051,BUNYANGABU,405,KABAROLE
405107,RUBONA TC,4051,BUNYANGABU,405,KABAROLE
405108,RWIMI,4051,BUNYANGABU,405,KABAROLE
405109,RWIMI TC,4051,BUNYANGABU,405,KABAROLE
405201,BUKUUKU,4052,BURAHYA,405,KABAROLE
405202,BUSORO,4052,BURAHYA,405,KABAROLE
405203,HAKIBALE,4052,BURAHYA,405,KABAROLE
405204,KARAGO TOWN COUNCIL,4052,BURAHYA,405,KABAROLE
405205,KARAMBI,4052,BURAHYA,405,KABAROLE
405206,KARANGURA,4052,BURAHYA,405,KABAROLE
405207,KASENDA,4052,BURAHYA,405,KABAROLE
405208,KICWAMBA,4052,BURAHYA,405,KABAROLE
405209,KIKO TOWN COUNCIL,4052,BURAHYA,405,KABAROLE
405210,KYAITAMBA TOWN COUNCIL,4052,BURAHYA,405,KABAROLE
405211,MUGUSU,4052,BURAHYA,405,KABAROLE
405212,RUTEETE,4052,BURAHYA,405,KABAROLE
405301,EASTERN DIVISION,4053,FORT PORTAL MUNICIPALITY,405,KABAROLE
405302,SOUTHERN DIVISION,4053,FORT PORTAL MUNICIPALITY,405,KABAROLE
405303,WESTERN  DIVISION,4053,FORT PORTAL MUNICIPALITY,405,KABAROLE
406101,BWERA,4061,BUKONZO,406,KASESE
406102,IHANDIRO,4061,BUKONZO,406,KASESE
406103,ISANGO,4061,BUKONZO,406,KASESE
406104,KARAMBI,4061,BUKONZO,406,KASESE
406105,KISINGA,4061,BUKONZO,406,KASESE
406106,KITHOLHU,4061,BUKONZO,406,KASESE
406107,KYARUMBA,4061,BUKONZO,406,KASESE
406108,KYONDO,4061,BUKONZO,406,KASESE
406109,MAHANGO,4061,BUKONZO,406,KASESE
406110,MPONDWE/LHUBIRIHA TOWN COUNCIL,4061,BUKONZO,406,KASESE
406111,MUKUNYU,4061,BUKONZO,406,KASESE
406112,NYAKATONNZI,4061,BUKONZO,406,KASESE
406113,NYAKIYUMBU,4061,BUKONZO,406,KASESE
406201,BUGOYE,4062,BUSONGORA,406,KASESE
406202,BUHUHIRA,4062,BUSONGORA,406,KASESE
406203,BWESUMBU,4062,BUSONGORA,406,KASESE
406204,HIMA TOWN COUNCIL,4062,BUSONGORA,406,KASESE
406205,KARUSANDARA,4062,BUSONGORA,406,KASESE
406206,KATWE- KABATORO T.C,4062,BUSONGORA,406,KASESE
406207,KILEMBE,4062,BUSONGORA,406,KASESE
406208,KITSWAMBA,4062,BUSONGORA,406,KASESE
406209,KYABARUNGIRA,4062,BUSONGORA,406,KASESE
406210,LAKE KATWE,4062,BUSONGORA,406,KASESE
406211,MALIBA,4062,BUSONGORA,406,KASESE
406212,MUHOKYA,4062,BUSONGORA,406,KASESE
406213,RUKOKI,4062,BUSONGORA,406,KASESE
406301,BULEMBIA  DIVISION,4063,KASESE MUNICIPALITY,406,KASESE
406302,CENTRAL DIVISION,4063,KASESE MUNICIPALITY,406,KASESE
406303,NYAMWAMBA DIVISION,4063,KASESE MUNICIPALITY,406,KASESE
407101,BIREMBO,4071,BUGANGAIZI,407,KIBAALE
407102,BWANSWA,4071,BUGANGAIZI,407,KIBAALE
407103,KAKINDO,4071,BUGANGAIZI,407,KIBAALE
407104,KAKUMIRO TOWN COUNCIL,4071,BUGANGAIZI,407,KIBAALE
407105,KASAMBYA,4071,BUGANGAIZI,407,KIBAALE
407106,KASIITA,4071,BUGANGAIZI,407,KIBAALE
407107,MPASAANA,4071,BUGANGAIZI,407,KIBAALE
407108,NALWEYO,4071,BUGANGAIZI,407,KIBAALE
407109,NKOOKO,4071,BUGANGAIZI,407,KIBAALE
407201,BURORA,4072,BUYAGA,407,KIBAALE
407202,BWIKARA,4072,BUYAGA,407,KIBAALE
407203,KABAMBA,4072,BUYAGA,407,KIBAALE
407204,KAGADI,4072,BUYAGA,407,KIBAALE
407205,KAGADI TC,4072,BUYAGA,407,KIBAALE
407206,KIRYANGA,4072,BUYAGA,407,KIBAALE
407207,KYAKABADIIMA,4072,BUYAGA,407,KIBAALE
407208,KYANAISOKE,4072,BUYAGA,407,KIBAALE
407209,KYATEREKERA,4072,BUYAGA,407,KIBAALE
407210,KYENZIGE,4072,BUYAGA,407,KIBAALE
407211,MABAALE,4072,BUYAGA,407,KIBAALE
407212,MPEEFU,4072,BUYAGA,407,KIBAALE
407213,MUHORRO,4072,BUYAGA,407,KIBAALE
407214,MUHORRO T-COUNCIL,4072,BUYAGA,407,KIBAALE
407215,NDAIGA,4072,BUYAGA,407,KIBAALE
407216,PAACWA,4072,BUYAGA,407,KIBAALE
407217,RUGASHARI,4072,BUYAGA,407,KIBAALE
407218,RUTEETE,4072,BUYAGA,407,KIBAALE
407301,BUBANGO,4073,BUYANJA,407,KIBAALE
407302,BWAMIRAMIRA,4073,BUYANJA,407,KIBAALE
407303,KIBAALE TC,4073,BUYANJA,407,KIBAALE
407304,KYEBANDO,4073,BUYANJA,407,KIBAALE
407305,MATALE,4073,BUYANJA,407,KIBAALE
407306,MUGARAMA,4073,BUYANJA,407,KIBAALE
407307,NYAMARUNDA,4073,BUYANJA,407,KIBAALE
407308,NYAMARWA,4073,BUYANJA,407,KIBAALE
408101,BUKIMBIRI,4081,BUFUMBIRA,408,KISORO
408102,BUSANZA,4081,BUFUMBIRA,408,KISORO
408103,CHAHI,4081,BUFUMBIRA,408,KISORO
408104,KANABA,4081,BUFUMBIRA,408,KISORO
408105,KIRUNDO,4081,BUFUMBIRA,408,KISORO
408106,KISORO TOWN COUNCIL,4081,BUFUMBIRA,408,KISORO
408107,MURAMBA,4081,BUFUMBIRA,408,KISORO
408108,MURORA,4081,BUFUMBIRA,408,KISORO
408109,NYABWISHENYA,4081,BUFUMBIRA,408,KISORO
408110,NYAKABANDE,4081,BUFUMBIRA,408,KISORO
408111,NYAKINAMA,4081,BUFUMBIRA,408,KISORO
408112,NYARUBUYE,4081,BUFUMBIRA,408,KISORO
408113,NYARUSIZA,4081,BUFUMBIRA,408,KISORO
408114,NYUNDO,4081,BUFUMBIRA,408,KISORO
409101,BUDONGO,4091,BUJENJE,409,MASINDI
409102,BWIJANGA,4091,BUJENJE,409,MASINDI
409201,KIMENGO,4092,BURUULI,409,MASINDI
409202,MIIRYA,4092,BURUULI,409,MASINDI
409203,PAKANYI,4092,BURUULI,409,MASINDI
409301,CENTRAL DIVISION,4093,MASINDI MUNICIPALITY,409,MASINDI
409302,KARUJUBU,4093,MASINDI MUNICIPALITY,409,MASINDI
409303,KIGULYA,4093,MASINDI MUNICIPALITY,409,MASINDI
409304,NYANGAHYA,4093,MASINDI MUNICIPALITY,409,MASINDI
410101,BIHARWE,4101,KASHARI,410,MBARARA
410102,BUBAARE,4101,KASHARI,410,MBARARA
410103,BUKIIRO,4101,KASHARI,410,MBARARA
410104,KAGONGI,4101,KASHARI,410,MBARARA
410105,KAKIIKA,4101,KASHARI,410,MBARARA
410106,KASHARE,4101,KASHARI,410,MBARARA
410107,RUBAYA,4101,KASHARI,410,MBARARA
410108,RUBINDI,4101,KASHARI,410,MBARARA
410109,RWANYAMAHEMBE,4101,KASHARI,410,MBARARA
410201,KAKOBA,4102,MBARARA MUNICIPALITY,410,MBARARA
410202,KAMUKUZI,4102,MBARARA MUNICIPALITY,410,MBARARA
410203,NYAMITANGA,4102,MBARARA MUNICIPALITY,410,MBARARA
410301,BUGAMBA,4103,RWAMPARA,410,MBARARA
410302,MWIZI,4103,RWAMPARA,410,MBARARA
410303,NDEIJA,4103,RWAMPARA,410,MBARARA
410304,NYAKAYOJO,4103,RWAMPARA,410,MBARARA
410305,RUGANDO,4103,RWAMPARA,410,MBARARA
411101,BWONGYERA,4111,KAJARA,411,NTUNGAMO
411102,IHUNGA,4111,KAJARA,411,NTUNGAMO
411103,KIBATSI,4111,KAJARA,411,NTUNGAMO
411104,NYABIHOKO,4111,KAJARA,411,NTUNGAMO
411105,RWASHAMAIRE TOWN COUNCIL,4111,KAJARA,411,NTUNGAMO
411201,CENTRAL DIVISION,4112,NTUGAMO MUNICIPALITY,411,NTUNGAMO
411202,EASTERN DIVISION,4112,NTUGAMO MUNICIPALITY,411,NTUNGAMO
411203,WESTERN DIVISION,4112,NTUGAMO MUNICIPALITY,411,NTUNGAMO
411301,ITOJO,4113,RUHAAMA,411,NTUNGAMO
411302,KITWE TOWN COUNCIL,4113,RUHAAMA,411,NTUNGAMO
411303,NTUNGAMO,4113,RUHAAMA,411,NTUNGAMO
411304,NYAKYERA,4113,RUHAAMA,411,NTUNGAMO
411305,RUHAAMA,4113,RUHAAMA,411,NTUNGAMO
411306,RUKONI EAST,4113,RUHAAMA,411,NTUNGAMO
411307,RUKONI WEST,4113,RUHAAMA,411,NTUNGAMO
411308,RWEIKINIRO,4113,RUHAAMA,411,NTUNGAMO
411401,KAYONZA,4114,RUSHENYI,411,NTUNGAMO
411402,NGOMA,4114,RUSHENYI,411,NTUNGAMO
411403,RUBAARE,4114,RUSHENYI,411,NTUNGAMO
411404,RUBAARE TOWN COUNCIL,4114,RUSHENYI,411,NTUNGAMO
411405,RUGARAMA,4114,RUSHENYI,411,NTUNGAMO
412101,BUYANJA,4121,RUBABO,412,RUKUNGIRI
412102,KEBISONI,4121,RUBABO,412,RUKUNGIRI
412103,NYAKISHENYI,4121,RUBABO,412,RUKUNGIRI
412104,NYARUSHANJE,4121,RUBABO,412,RUKUNGIRI
412201,BUGANGARI,4122,RUJUMBURA,412,RUKUNGIRI
412202,BUHUNGA,4122,RUJUMBURA,412,RUKUNGIRI
412203,BWAMBARA,4122,RUJUMBURA,412,RUKUNGIRI
412204,NYAKAGYEME,4122,RUJUMBURA,412,RUKUNGIRI
412205,RUHINDA,4122,RUJUMBURA,412,RUKUNGIRI
412301,EASTERN DIVISION,4123,RUKUNGIRI MUNICIPALITY,412,RUKUNGIRI
412302,SOUTHERN DIVISION,4123,RUKUNGIRI MUNICIPALITY,412,RUKUNGIRI
412303,WESTERN DIVISION,4123,RUKUNGIRI MUNICIPALITY,412,RUKUNGIRI
413101,BIGULI,4131,KIBALE,413,KAMWENGE
413102,BUSIRIBA,4131,KIBALE,413,KAMWENGE
413103,BWIZI,4131,KIBALE,413,KAMWENGE
413104,KABAMBIRO,4131,KIBALE,413,KAMWENGE
413105,KAHUNGE,4131,KIBALE,413,KAMWENGE
413106,KAMWENGE,4131,KIBALE,413,KAMWENGE
413107,KAMWENGE TOWN COUNCIL,4131,KIBALE,413,KAMWENGE
413201,BIHANGA,4132,KITAGWENDA,413,KAMWENGE
413202,BUHANDA,4132,KITAGWENDA,413,KAMWENGE
413203,KANARA,4132,KITAGWENDA,413,KAMWENGE
413204,KICHECHE,4132,KITAGWENDA,413,KAMWENGE
413205,MAHYORO,4132,KITAGWENDA,413,KAMWENGE
413206,NKOMA,4132,KITAGWENDA,413,KAMWENGE
413207,NTARA,4132,KITAGWENDA,413,KAMWENGE
413208,NYABBANI,4132,KITAGWENDA,413,KAMWENGE
414101,BUTOGOTA TOWN COUNCIL,4141,KINKIIZI,414,KANUNGU
414102,KAMBUGA,4141,KINKIIZI,414,KANUNGU
414103,KAMBUGA TOWN COUNCIL,4141,KINKIIZI,414,KANUNGU
414104,KANUNGU TOWN COUNCIL,4141,KINKIIZI,414,KANUNGU
414105,KANYANTOROGO,4141,KINKIIZI,414,KANUNGU
414106,KATETE,4141,KINKIIZI,414,KANUNGU
414107,KAYONZA,4141,KINKIIZI,414,KANUNGU
414108,KIHIIHI,4141,KINKIIZI,414,KANUNGU
414109,KIHIIHI TOWN  COUNCIL,4141,KINKIIZI,414,KANUNGU
414110,KINAABA,4141,KINKIIZI,414,KANUNGU
414111,KIRIMA,4141,KINKIIZI,414,KANUNGU
414112,MPUNGU,4141,KINKIIZI,414,KANUNGU
414113,NYAKINONI,4141,KINKIIZI,414,KANUNGU
414114,NYAMIRAMA,4141,KINKIIZI,414,KANUNGU
414115,NYANGA,4141,KINKIIZI,414,KANUNGU
414116,RUGYEYO,4141,KINKIIZI,414,KANUNGU
414117,RUTENGA,4141,KINKIIZI,414,KANUNGU
415101,BUFUNJO,4151,MWENGE,415,KYENJOJO
415102,BUGAAKI,4151,MWENGE,415,KYENJOJO
415103,BUTIITI,4151,MWENGE,415,KYENJOJO
415104,BUTUNDUZI,4151,MWENGE,415,KYENJOJO
415105,BUTUNDUZI TC,4151,MWENGE,415,KYENJOJO
415106,KATOOKE,4151,MWENGE,415,KYENJOJO
415107,KATOOKE TC,4151,MWENGE,415,KYENJOJO
415108,KIGARAALE,4151,MWENGE,415,KYENJOJO
415109,KIHUURA,4151,MWENGE,415,KYENJOJO
415110,KISOJO,4151,MWENGE,415,KYENJOJO
415111,KYARUSOZI,4151,MWENGE,415,KYENJOJO
415112,KYARUSOZI TC,4151,MWENGE,415,KYENJOJO
415113,KYENJOJO TC,4151,MWENGE,415,KYENJOJO
415114,NYABUHARWA,4151,MWENGE,415,KYENJOJO
415115,NYANKWANZI,4151,MWENGE,415,KYENJOJO
415116,NYANTUNGO,4151,MWENGE,415,KYENJOJO
416101,BIISO,4161,BULIISA,416,BULIISA
416102,BULIISA,4161,BULIISA,416,BULIISA
416103,BULIISA TOWN COUNCIL,4161,BULIISA,416,BULIISA
416104,BUTIABA,4161,BULIISA,416,BULIISA
416105,KIGWERA,4161,BULIISA,416,BULIISA
416106,KIHUNGYA,4161,BULIISA,416,BULIISA
416107,NGWEDO,4161,BULIISA,416,BULIISA
417101,BISHESHE,4171,IBANDA,417,IBANDA
417102,IBANDA TOWN COUNCIL,4171,IBANDA,417,IBANDA
417103,IGORORA TOWN COUNCIL,4171,IBANDA,417,IBANDA
417104,ISHONGORORO,4171,IBANDA,417,IBANDA
417105,ISHONGORORO TC,4171,IBANDA,417,IBANDA
417106,KASHANGURA,4171,IBANDA,417,IBANDA
417107,KEIHANGARA,4171,IBANDA,417,IBANDA
417108,KICUZI,4171,IBANDA,417,IBANDA
417109,KIJONGO,4171,IBANDA,417,IBANDA
417110,KIKYENKYE,4171,IBANDA,417,IBANDA
417111,NSASI,4171,IBANDA,417,IBANDA
417112,NYABUHIKYE,4171,IBANDA,417,IBANDA
417113,NYAMAREBE,4171,IBANDA,417,IBANDA
417114,RUKIRI,4171,IBANDA,417,IBANDA
417115,RUSHANGO TOWN COUNCIL,4171,IBANDA,417,IBANDA
418101,ENDIINZI,4181,BUKANGA,418,ISINGIRO
418102,KASHUMBA,4181,BUKANGA,418,ISINGIRO
418103,MBAARE,4181,BUKANGA,418,ISINGIRO
418104,NGARAMA,4181,BUKANGA,418,ISINGIRO
418105,RUGAAGA,4181,BUKANGA,418,ISINGIRO
418106,RUSHASHA,4181,BUKANGA,418,ISINGIRO
418107,NAKIVALE R_S CAMP,4181,BUKANGA,418,ISINGIRO
418201,BIRERE,4182,ISINGIRO,418,ISINGIRO
418202,ISINGIRO TC,4182,ISINGIRO,418,ISINGIRO
418203,KABEREBERE TC,4182,ISINGIRO,418,ISINGIRO
418204,KABINGO,4182,ISINGIRO,418,ISINGIRO
418205,KABUYANDA,4182,ISINGIRO,418,ISINGIRO
418206,KABUYANDA TC,4182,ISINGIRO,418,ISINGIRO
418207,KIKAGATE,4182,ISINGIRO,418,ISINGIRO
418208,MASHA,4182,ISINGIRO,418,ISINGIRO
418209,NYAKITUNDA,4182,ISINGIRO,418,ISINGIRO
418210,NYAMUYANJA,4182,ISINGIRO,418,ISINGIRO
418211,RUBOROGOTA,4182,ISINGIRO,418,ISINGIRO
418212,ORUCHINGA R_S CAMP,4182,ISINGIRO,418,ISINGIRO
419101,BUREMBA,4191,KAZO,419,KIRUHURA
419102,BURUNGA,4191,KAZO,419,KIRUHURA
419103,ENGARI,4191,KAZO,419,KIRUHURA
419104,KANONI,4191,KAZO,419,KIRUHURA
419105,KAZO,4191,KAZO,419,KIRUHURA
419106,KAZO TC,4191,KAZO,419,KIRUHURA
419107,NKUNGU,4191,KAZO,419,KIRUHURA
419108,RWEMIKOMA,4191,KAZO,419,KIRUHURA
419201,KANYARYERU,4192,NYABUSHOZI,419,KIRUHURA
419202,KASHONGI,4192,NYABUSHOZI,419,KIRUHURA
419203,KENSHUNGA,4192,NYABUSHOZI,419,KIRUHURA
419204,KIKAATSI,4192,NYABUSHOZI,419,KIRUHURA
419205,KINONI,4192,NYABUSHOZI,419,KIRUHURA
419206,KIRUHURA TC,4192,NYABUSHOZI,419,KIRUHURA
419207,KITURA,4192,NYABUSHOZI,419,KIRUHURA
419208,NYAKASHASHARA,4192,NYABUSHOZI,419,KIRUHURA
419209,SANGA,4192,NYABUSHOZI,419,KIRUHURA
419210,SANGA TC,4192,NYABUSHOZI,419,KIRUHURA
420101,BIHANGA,4201,BUHWEJU,420,BUHWEJU
420102,BITSYA,4201,BUHWEJU,420,BUHWEJU
420103,BURERE,4201,BUHWEJU,420,BUHWEJU
420104,ENGAJU,4201,BUHWEJU,420,BUHWEJU
420105,KARUNGU,4201,BUHWEJU,420,BUHWEJU
420106,NSIIKA TC,4201,BUHWEJU,420,BUHWEJU
420107,NYAKISHANA,4201,BUHWEJU,420,BUHWEJU
420108,RWENGWE,4201,BUHWEJU,420,BUHWEJU
421101,BWEYALE TC,4211,KIBANDA,421,KIRYANDONGO
421102,KIGUMBA,4211,KIBANDA,421,KIRYANDONGO
421103,KIGUMBA TC,4211,KIBANDA,421,KIRYANDONGO
421104,KIRYANDONGO,4211,KIBANDA,421,KIRYANDONGO
421105,KIRYANDONGO R_S CAMP,4211,KIBANDA,421,KIRYANDONGO
421106,KIRYANDONGO TC,4211,KIBANDA,421,KIRYANDONGO
421107,MASINDI PORT,4211,KIBANDA,421,KIRYANDONGO
421108,MUTUNDA,4211,KIBANDA,421,KIRYANDONGO
422101,HAPUUYO,4221,KYAKA,422,KYEGEGWA
422102,KABWEZA KYEGEGWA,4221,KYAKA,422,KYEGEGWA
422103,KAKABARA,4221,KYAKA,422,KYEGEGWA
422104,KASULE,4221,KYAKA,422,KYEGEGWA
422105,KYEGEGWA T C,4221,KYAKA,422,KYEGEGWA
422106,MPARA,4221,KYAKA,422,KYEGEGWA
422107,RUYONZA,4221,KYAKA,422,KYEGEGWA
422108,RWENTUHA,4221,KYAKA,422,KYEGEGWA
422109,KYAKA  II  REFUGEE CAMP,4221,KYAKA,422,KYEGEGWA
423101,BITEREKO,4231,RUHINDA,423,MITOOMA
423102,KABIRA,4231,RUHINDA,423,MITOOMA
423103,KANYABWANGA,4231,RUHINDA,423,MITOOMA
423104,KASHENSHERO,4231,RUHINDA,423,MITOOMA
423105,KASHENSHERO TOWN COUNCIL,4231,RUHINDA,423,MITOOMA
423106,KATENGA,4231,RUHINDA,423,MITOOMA
423107,KIYANGA,4231,RUHINDA,423,MITOOMA
423108,MAYANGA,4231,RUHINDA,423,MITOOMA
423109,MITOOMA,4231,RUHINDA,423,MITOOMA
423110,MITOOMA TOWN COUNCIL,4231,RUHINDA,423,MITOOMA
423111,MUTARA,4231,RUHINDA,423,MITOOMA
423112,RUREHE,4231,RUHINDA,423,MITOOMA
424101,BUTUNGAMA,4241,NTOROKO,424,NTOROKO
424102,BWERAMULE,4241,NTOROKO,424,NTOROKO
424103,KANARA,4241,NTOROKO,424,NTOROKO
424104,KANARA TOWN COUNCIL,4241,NTOROKO,424,NTOROKO
424105,KARUGUTU,4241,NTOROKO,424,NTOROKO
424106,KARUGUTU TOWN COUNCIL,4241,NTOROKO,424,NTOROKO
424107,KIBUUKU TOWN COUNCIL,4241,NTOROKO,424,NTOROKO
424108,NOMBE,4241,NTOROKO,424,NTOROKO
424109,RWEBISENGO,4241,NTOROKO,424,NTOROKO
424110,RWEBISENGO TOWN COUNCIL,4241,NTOROKO,424,NTOROKO
425101,KATUNGURU,4251,BUNYARUGURU,425,RUBIRIZI
425102,KICHWAMBA,4251,BUNYARUGURU,425,RUBIRIZI
425103,MAGAMBO,4251,BUNYARUGURU,425,RUBIRIZI
425104,RUBIRIZI TOWN COUNCIL,4251,BUNYARUGURU,425,RUBIRIZI
425105,RUTOTO,4251,BUNYARUGURU,425,RUBIRIZI
425106,RYERU,4251,BUNYARUGURU,425,RUBIRIZI
425201,KATANDA,4252,KATERERA,425,RUBIRIZI
425202,KATERERA,4252,KATERERA,425,RUBIRIZI
425203,KATERERA TOWN COUNCIL,4252,KATERERA,425,RUBIRIZI
425204,KIRUGU,4252,KATERERA,425,RUBIRIZI
425205,KYABAKARA,4252,KATERERA,425,RUBIRIZI
426101,BUGONGI TOWN COUNCIL,4261,SHEEMA,426,SHEEMA
426102,KABWOHE-ITENDERO TC,4261,SHEEMA,426,SHEEMA
426103,KAGANGO,4261,SHEEMA,426,SHEEMA
426104,KASAANA,4261,SHEEMA,426,SHEEMA
426105,KASHOZI  SC,4261,SHEEMA,426,SHEEMA
426106,KIGARAMA,4261,SHEEMA,426,SHEEMA
426107,KITAGATA,4261,SHEEMA,426,SHEEMA
426108,KYANGYENYI,4261,SHEEMA,426,SHEEMA
426109,MASHERUKA,4261,SHEEMA,426,SHEEMA
426110,RUGARAMA SC,4261,SHEEMA,426,SHEEMA
426111,SHEEMA TC,4261,SHEEMA,426,SHEEMA
426112,SHUUKU,4261,SHEEMA,426,SHEEMA
